{
  "n_samples": 7000,
  "n_features": 9,
  "accuracy": 0.5533333333333333,
  "rps": 0.20550677167935377,
  "rmse_goals": 1.606406872877867,
  "trained_at": "2026-06-15T13:47:15"
}